model,feature,modality,gene,cpg,importance,selection_frequency,rank
LASSO_multiomics,RNA: BLVRA,RNA,BLVRA,,0.14849570587118438,0.92,1
LASSO_multiomics,METH: ESR1 (cg00920970),METH,ESR1,cg00920970,0.10888387072926807,0.76,2
LASSO_multiomics,METH: EXO1 (cg12401425),METH,EXO1,cg12401425,0.07456429115670775,0.52,3
LASSO_multiomics,RNA: MMP11,RNA,MMP11,,0.06751498164836227,0.68,4
LASSO_multiomics,METH: MLPH (cg05240479),METH,MLPH,cg05240479,0.06527802441410645,0.36,5
LASSO_multiomics,METH: CDC20 (cg00615260),METH,CDC20,cg00615260,0.059075074329093875,0.4,6
LASSO_multiomics,METH: SFRP1 (cg17816908),METH,SFRP1,cg17816908,0.054582308744796394,0.24,7
LASSO_multiomics,METH: ESR1 (cg07619683),METH,ESR1,cg07619683,0.053033717822515564,0.4,8
LASSO_multiomics,METH: BAG1 (cg01177235),METH,BAG1,cg01177235,0.05259393263125604,0.44,9
LASSO_multiomics,METH: ESR1 (cg21157690),METH,ESR1,cg21157690,0.05056400780974871,0.56,10
LASSO_multiomics,METH: CCNB1 (cg00290373),METH,CCNB1,cg00290373,0.05024998304037575,0.48,11
LASSO_multiomics,METH: ESR1 (cg17706972),METH,ESR1,cg17706972,0.04961285121261966,0.44,12
LASSO_multiomics,METH: ERBB2 (cg24649641),METH,ERBB2,cg24649641,0.04783121725968917,0.32,13
LASSO_multiomics,METH: MKI67 (cg07314148),METH,MKI67,cg07314148,0.04588290717866652,0.36,14
LASSO_multiomics,METH: MLPH (cg08992911),METH,MLPH,cg08992911,0.0406807377610686,0.48,15
LASSO_multiomics,METH: CDC6 (cg01807412),METH,CDC6,cg01807412,0.04054583787321019,0.24,16
LASSO_multiomics,METH: MDM2 (cg08797454),METH,MDM2,cg08797454,0.035916445495105545,0.32,17
LASSO_multiomics,METH: CCNB1 (cg13849825),METH,CCNB1,cg13849825,0.03251370820917296,0.32,18
LASSO_multiomics,METH: FOXA1 (cg09276158),METH,FOXA1,cg09276158,0.03248434056207342,0.24,19
LASSO_multiomics,METH: SFRP1 (cg15839448),METH,SFRP1,cg15839448,0.02889996023702829,0.2,20
LASSO_multiomics,METH: MKI67 (cg18691055),METH,MKI67,cg18691055,0.02861853204430481,0.36,21
LASSO_multiomics,METH: FGFR4 (cg27294629),METH,FGFR4,cg27294629,0.028097254807429018,0.16,22
LASSO_multiomics,RNA: KRT5,RNA,KRT5,,0.025626174379984937,0.4,23
LASSO_multiomics,METH: NDC80 (cg02807146),METH,NDC80,cg02807146,0.025078753300930394,0.24,24
LASSO_multiomics,RNA: MAPT,RNA,MAPT,,0.024404035028913692,0.24,25
LASSO_multiomics,METH: ERBB2 (cg03386751),METH,ERBB2,cg03386751,0.023178879022390617,0.32,26
LASSO_multiomics,METH: TYMS (cg23384185),METH,TYMS,cg23384185,0.02310003073161066,0.2,27
LASSO_multiomics,METH: UBE2C (cg22431438),METH,UBE2C,cg22431438,0.02299205854529522,0.12,28
LASSO_multiomics,METH: MYC (cg01052743),METH,MYC,cg01052743,0.02271556022419284,0.12,29
LASSO_multiomics,METH: RRM2 (cg05515713),METH,RRM2,cg05515713,0.0216213773896784,0.12,30
LASSO_multiomics,METH: ESR1 (cg09646983),METH,ESR1,cg09646983,0.020563326277343617,0.12,31
LASSO_multiomics,METH: NDC80 (cg13425515),METH,NDC80,cg13425515,0.020398447105196,0.2,32
LASSO_multiomics,METH: ESR1 (cg01777019),METH,ESR1,cg01777019,0.01981627500991202,0.12,33
LASSO_multiomics,METH: KRT5 (cg00368577),METH,KRT5,cg00368577,0.01956884041380111,0.08,34
LASSO_multiomics,METH: ESR1 (cg20253551),METH,ESR1,cg20253551,0.01952990781457621,0.28,35
LASSO_multiomics,METH: NDC80 (cg17241550),METH,NDC80,cg17241550,0.019121074095223553,0.24,36
LASSO_multiomics,METH: BCL2 (cg12090740),METH,BCL2,cg12090740,0.018297719193680128,0.28,37
LASSO_multiomics,METH: CXXC5 (cg12333398),METH,CXXC5,cg12333398,0.018009966770841115,0.16,38
LASSO_multiomics,METH: KIF2C (cg00455333),METH,KIF2C,cg00455333,0.017855421843162946,0.12,39
LASSO_multiomics,METH: SFRP1 (cg01495122),METH,SFRP1,cg01495122,0.01738518341138244,0.28,40
LASSO_multiomics,METH: MYC (cg26441142),METH,MYC,cg26441142,0.0161756156563949,0.12,41
LASSO_multiomics,METH: EXO1 (cg06713297),METH,EXO1,cg06713297,0.014978178259396869,0.2,42
LASSO_multiomics,METH: ANLN (cg25028542),METH,ANLN,cg25028542,0.014378862697690944,0.24,43
LASSO_multiomics,METH: NUF2 (cg16604136),METH,NUF2,cg16604136,0.014000606293310765,0.16,44
LASSO_multiomics,METH: SLC39A6 (cg21467513),METH,SLC39A6,cg21467513,0.013937153721344459,0.08,45
LASSO_multiomics,METH: MYC (cg15465092),METH,MYC,cg15465092,0.013376527250096203,0.08,46
LASSO_multiomics,METH: SFRP1 (cg09410389),METH,SFRP1,cg09410389,0.012685564722551428,0.08,47
LASSO_multiomics,RNA: MLPH,RNA,MLPH,,0.011684318726747524,0.28,48
LASSO_multiomics,METH: EXO1 (cg04706276),METH,EXO1,cg04706276,0.011340145152155668,0.08,49
LASSO_multiomics,METH: NDC80 (cg12105108),METH,NDC80,cg12105108,0.011202142240446189,0.04,50
LASSO_multiomics,METH: CENPF (cg15639974),METH,CENPF,cg15639974,0.011186907432824461,0.08,51
LASSO_multiomics,METH: FOXC1 (cg23867624),METH,FOXC1,cg23867624,0.010779353822513082,0.16,52
LASSO_multiomics,RNA: NUF2,RNA,NUF2,,0.010487615879986058,0.04,53
LASSO_multiomics,RNA: MYC,RNA,MYC,,0.010402352371136937,0.04,54
LASSO_multiomics,METH: BAG1 (cg16720880),METH,BAG1,cg16720880,0.010310886733878264,0.08,55
LASSO_multiomics,METH: PGR (cg22733687),METH,PGR,cg22733687,0.010309522019484874,0.04,56
LASSO_multiomics,METH: TMEM45B (cg15483228),METH,TMEM45B,cg15483228,0.010119541064561042,0.08,57
LASSO_multiomics,METH: CENPF (cg13085338),METH,CENPF,cg13085338,0.010048136971709927,0.04,58
LASSO_multiomics,METH: PTTG1 (cg23024444),METH,PTTG1,cg23024444,0.0099250563365191,0.12,59
LASSO_multiomics,METH: BIRC5 (cg01886741),METH,BIRC5,cg01886741,0.009514467135515072,0.08,60
LASSO_multiomics,METH: FGFR4 (cg04849878),METH,FGFR4,cg04849878,0.00931013089475653,0.04,61
LASSO_multiomics,METH: CDC20 (cg21869951),METH,CDC20,cg21869951,0.009293235004771415,0.04,62
LASSO_multiomics,METH: UBE2C (cg02405476),METH,UBE2C,cg02405476,0.00883345621824239,0.12,63
LASSO_multiomics,METH: ACTR3B (cg25152498),METH,ACTR3B,cg25152498,0.0088207675343309,0.12,64
LASSO_multiomics,METH: PTTG1 (cg09468767),METH,PTTG1,cg09468767,0.008811067451439503,0.08,65
LASSO_multiomics,METH: FGFR4 (cg00618323),METH,FGFR4,cg00618323,0.008088377939125901,0.04,66
LASSO_multiomics,METH: MYC (cg01203549),METH,MYC,cg01203549,0.007994197715341505,0.24,67
LASSO_multiomics,METH: ERBB2 (cg05616858),METH,ERBB2,cg05616858,0.007898634706608771,0.08,68
LASSO_multiomics,METH: PHGDH (cg07090813),METH,PHGDH,cg07090813,0.007823373776850818,0.08,69
LASSO_multiomics,RNA: GPR160,RNA,GPR160,,0.0074832460082976384,0.12,70
LASSO_multiomics,METH: CCNE1 (cg16740744),METH,CCNE1,cg16740744,0.007210032392543084,0.08,71
LASSO_multiomics,METH: BCL2 (cg12461368),METH,BCL2,cg12461368,0.0071059567047704105,0.12,72
LASSO_multiomics,METH: CDH3 (cg19034028),METH,CDH3,cg19034028,0.007092064483790032,0.04,73
LASSO_multiomics,METH: BLVRA (cg07332178),METH,BLVRA,cg07332178,0.00690929961399773,0.08,74
LASSO_multiomics,METH: GPR160 (cg21826946),METH,GPR160,cg21826946,0.006648759407021706,0.04,75
LASSO_multiomics,METH: FOXC1 (cg16617518),METH,FOXC1,cg16617518,0.006519754744618119,0.04,76
LASSO_multiomics,METH: FOXC1 (cg23946695),METH,FOXC1,cg23946695,0.006483197586733268,0.08,77
LASSO_multiomics,RNA: ERBB2,RNA,ERBB2,,0.00634477165369834,0.2,78
LASSO_multiomics,METH: UBE2T (cg11819639),METH,UBE2T,cg11819639,0.006337811824625643,0.08,79
LASSO_multiomics,METH: BLVRA (cg19725553),METH,BLVRA,cg19725553,0.006334975910976599,0.08,80
LASSO_multiomics,METH: ORC6 (cg08124804),METH,ORC6,cg08124804,0.006320272329452801,0.04,81
LASSO_multiomics,METH: UBE2C (cg10985576),METH,UBE2C,cg10985576,0.00617763176424474,0.08,82
LASSO_multiomics,METH: FOXC1 (cg10365447),METH,FOXC1,cg10365447,0.006143399990398662,0.08,83
LASSO_multiomics,METH: SLC39A6 (cg12339809),METH,SLC39A6,cg12339809,0.00606256673356281,0.04,84
LASSO_multiomics,METH: SFRP1 (cg14904908),METH,SFRP1,cg14904908,0.005974018220337686,0.04,85
LASSO_multiomics,METH: CDC20 (cg11950805),METH,CDC20,cg11950805,0.005935818967548039,0.04,86
LASSO_multiomics,METH: PTTG1 (cg12430567),METH,PTTG1,cg12430567,0.005864704720792465,0.12,87
LASSO_multiomics,METH: FOXA1 (cg01824511),METH,FOXA1,cg01824511,0.005836492426270354,0.08,88
LASSO_multiomics,METH: SLC39A6 (cg18301624),METH,SLC39A6,cg18301624,0.005693227823615555,0.08,89
LASSO_multiomics,RNA: BAG1,RNA,BAG1,,0.005578394917099616,0.08,90
LASSO_multiomics,METH: SFRP1 (cg03133371),METH,SFRP1,cg03133371,0.005559487123478919,0.08,91
LASSO_multiomics,METH: PGR (cg22299741),METH,PGR,cg22299741,0.0055225356739341015,0.08,92
LASSO_multiomics,RNA: CDC6,RNA,CDC6,,0.005507207228278435,0.04,93
LASSO_multiomics,METH: EXO1 (cg04158730),METH,EXO1,cg04158730,0.005472762889345874,0.04,94
LASSO_multiomics,METH: BCL2 (cg09752703),METH,BCL2,cg09752703,0.005402747438380662,0.04,95
LASSO_multiomics,METH: CEP55 (cg24371383),METH,CEP55,cg24371383,0.0052595572633189315,0.04,96
LASSO_multiomics,METH: ORC6 (cg04021430),METH,ORC6,cg04021430,0.00521812776143148,0.04,97
LASSO_multiomics,METH: NAT1 (cg09102997),METH,NAT1,cg09102997,0.004954124890246065,0.04,98
LASSO_multiomics,METH: CDC6 (cg13708869),METH,CDC6,cg13708869,0.004949684388731818,0.04,99
LASSO_multiomics,METH: MKI67 (cg26235537),METH,MKI67,cg26235537,0.004744247153500778,0.08,100
LASSO_multiomics,METH: MDM2 (cg15434599),METH,MDM2,cg15434599,0.004739344446100261,0.2,101
LASSO_multiomics,METH: MYC (cg10832291),METH,MYC,cg10832291,0.004678328011293623,0.04,102
LASSO_multiomics,METH: NAT1 (cg15797286),METH,NAT1,cg15797286,0.00430432783743916,0.08,103
LASSO_multiomics,METH: MYC (cg10340053),METH,MYC,cg10340053,0.004290637124338611,0.04,104
LASSO_multiomics,RNA: BCL2,RNA,BCL2,,0.004239996085764694,0.12,105
LASSO_multiomics,METH: SFRP1 (cg07935886),METH,SFRP1,cg07935886,0.004218181993038675,0.04,106
LASSO_multiomics,METH: PGR (cg16581884),METH,PGR,cg16581884,0.003995822268439548,0.04,107
LASSO_multiomics,RNA: ACTR3B,RNA,ACTR3B,,0.0039431822008173766,0.04,108
LASSO_multiomics,METH: CENPF (cg07140595),METH,CENPF,cg07140595,0.0037684874914721118,0.04,109
LASSO_multiomics,METH: UBE2T (cg26399396),METH,UBE2T,cg26399396,0.003743218574615163,0.04,110
LASSO_multiomics,METH: MYC (cg26221243),METH,MYC,cg26221243,0.003662609026734521,0.08,111
LASSO_multiomics,METH: ESR1 (cg07189962),METH,ESR1,cg07189962,0.003632583864861877,0.08,112
LASSO_multiomics,METH: MLPH (cg01387102),METH,MLPH,cg01387102,0.00358871329056122,0.08,113
LASSO_multiomics,METH: BCL2 (cg07111678),METH,BCL2,cg07111678,0.003583488230274415,0.04,114
LASSO_multiomics,METH: UBE2T (cg10717074),METH,UBE2T,cg10717074,0.0034888006989506537,0.04,115
LASSO_multiomics,METH: ESR1 (cg04211581),METH,ESR1,cg04211581,0.0031993626737903515,0.08,116
LASSO_multiomics,METH: NDC80 (cg14868726),METH,NDC80,cg14868726,0.003074650098928517,0.04,117
LASSO_multiomics,METH: BCL2 (cg21793948),METH,BCL2,cg21793948,0.003065280738168894,0.08,118
LASSO_multiomics,METH: CCNB1 (cg24088685),METH,CCNB1,cg24088685,0.00304022053590204,0.04,119
LASSO_multiomics,METH: MMP11 (cg13361393),METH,MMP11,cg13361393,0.0030363110414754085,0.04,120
LASSO_multiomics,METH: ESR1 (cg18745416),METH,ESR1,cg18745416,0.0030271572301535086,0.08,121
LASSO_multiomics,METH: NAT1 (cg21298408),METH,NAT1,cg21298408,0.00300107448824478,0.04,122
LASSO_multiomics,METH: EXO1 (cg17423498),METH,EXO1,cg17423498,0.002998597068091213,0.04,123
LASSO_multiomics,METH: PGR (cg11637980),METH,PGR,cg11637980,0.0029325139118167648,0.08,124
LASSO_multiomics,RNA: MELK,RNA,MELK,,0.0029081954618361988,0.04,125
LASSO_multiomics,METH: BIRC5 (cg25986496),METH,BIRC5,cg25986496,0.002907233320175816,0.08,126
LASSO_multiomics,METH: UBE2C (cg01661001),METH,UBE2C,cg01661001,0.0028846129272044664,0.08,127
LASSO_multiomics,METH: CENPF (cg17750334),METH,CENPF,cg17750334,0.0028383081627759484,0.04,128
LASSO_multiomics,METH: CENPF (cg10379951),METH,CENPF,cg10379951,0.0027547462159710433,0.04,129
LASSO_multiomics,METH: FOXA1 (cg10724086),METH,FOXA1,cg10724086,0.002735952681198,0.08,130
LASSO_multiomics,METH: PGR (cg23614125),METH,PGR,cg23614125,0.0025076512804167116,0.04,131
LASSO_multiomics,METH: UBE2C (cg00242976),METH,UBE2C,cg00242976,0.0024021693237756617,0.08,132
LASSO_multiomics,METH: UBE2T (cg16993579),METH,UBE2T,cg16993579,0.002356847498430263,0.04,133
LASSO_multiomics,METH: MMP11 (cg21246624),METH,MMP11,cg21246624,0.0023411167997997593,0.04,134
LASSO_multiomics,METH: ESR1 (cg18007957),METH,ESR1,cg18007957,0.0023296959468074186,0.04,135
LASSO_multiomics,METH: FOXC1 (cg24038058),METH,FOXC1,cg24038058,0.0023145012441047595,0.04,136
LASSO_multiomics,METH: MYC (cg10836034),METH,MYC,cg10836034,0.0023139488947434904,0.04,137
LASSO_multiomics,RNA: TMEM45B,RNA,TMEM45B,,0.002205555892442883,0.04,138
LASSO_multiomics,METH: MMP11 (cg22418565),METH,MMP11,cg22418565,0.002143661159029879,0.04,139
LASSO_multiomics,METH: GPR160 (cg09383389),METH,GPR160,cg09383389,0.0021050185584374267,0.08,140
LASSO_multiomics,METH: PHGDH (cg10827253),METH,PHGDH,cg10827253,0.0019516036576681134,0.08,141
LASSO_multiomics,METH: KRT14 (cg21874706),METH,KRT14,cg21874706,0.0019220977554326077,0.04,142
LASSO_multiomics,METH: SLC39A6 (cg20839219),METH,SLC39A6,cg20839219,0.0018043574040314525,0.04,143
LASSO_multiomics,RNA: KRT17,RNA,KRT17,,0.0016876731414085723,0.04,144
LASSO_multiomics,RNA: CDC20,RNA,CDC20,,0.0015194566405841222,0.08,145
LASSO_multiomics,METH: MYC (cg23187103),METH,MYC,cg23187103,0.0014593935213830871,0.04,146
LASSO_multiomics,METH: KRT5 (cg22566740),METH,KRT5,cg22566740,0.0014552358695887199,0.04,147
LASSO_multiomics,METH: RRM2 (cg18623836),METH,RRM2,cg18623836,0.0014544349147195806,0.04,148
LASSO_multiomics,METH: EXO1 (cg16357661),METH,EXO1,cg16357661,0.0014225335427894645,0.04,149
LASSO_multiomics,METH: BCL2 (cg11255230),METH,BCL2,cg11255230,0.0014181578578228984,0.04,150
LASSO_multiomics,METH: MAPT (cg07163735),METH,MAPT,cg07163735,0.0014059608782958119,0.04,151
LASSO_multiomics,METH: CDH3 (cg06575065),METH,CDH3,cg06575065,0.0013764761208922233,0.04,152
LASSO_multiomics,METH: CXXC5 (cg12878260),METH,CXXC5,cg12878260,0.0012746136034939037,0.04,153
LASSO_multiomics,METH: CDC20 (cg13305312),METH,CDC20,cg13305312,0.0012193974101109455,0.04,154
LASSO_multiomics,RNA: FOXA1,RNA,FOXA1,,0.001172639772152638,0.04,155
LASSO_multiomics,METH: NDC80 (cg21796667),METH,NDC80,cg21796667,0.0010673552030634479,0.04,156
LASSO_multiomics,METH: ESR1 (cg07746998),METH,ESR1,cg07746998,0.0010228120527938772,0.04,157
LASSO_multiomics,METH: NDC80 (cg16932672),METH,NDC80,cg16932672,0.0009205344657364956,0.04,158
LASSO_multiomics,METH: ESR1 (cg08161546),METH,ESR1,cg08161546,0.0009045154940283891,0.12,159
LASSO_multiomics,METH: ORC6 (cg06250734),METH,ORC6,cg06250734,0.0008677807576954467,0.04,160
LASSO_multiomics,METH: ESR1 (cg23467008),METH,ESR1,cg23467008,0.0007579522930145026,0.04,161
LASSO_multiomics,METH: FOXA1 (cg16527491),METH,FOXA1,cg16527491,0.0007388017288063215,0.04,162
LASSO_multiomics,METH: NUF2 (cg21959457),METH,NUF2,cg21959457,0.0007069243173264123,0.04,163
LASSO_multiomics,METH: CDC20 (cg07719884),METH,CDC20,cg07719884,0.0006711932583849901,0.04,164
LASSO_multiomics,METH: MELK (cg14431547),METH,MELK,cg14431547,0.0006659774672028416,0.04,165
LASSO_multiomics,METH: SLC39A6 (cg19453250),METH,SLC39A6,cg19453250,0.0006539453914158844,0.04,166
LASSO_multiomics,METH: CDC6 (cg23188547),METH,CDC6,cg23188547,0.0005713943991244822,0.04,167
LASSO_multiomics,METH: FGFR4 (cg18229134),METH,FGFR4,cg18229134,0.000522511953216762,0.04,168
LASSO_multiomics,METH: MMP11 (cg02836840),METH,MMP11,cg02836840,0.00039173510016655473,0.04,169
LASSO_multiomics,METH: FOXC1 (cg03869498),METH,FOXC1,cg03869498,0.0003714792757199712,0.04,170
LASSO_multiomics,METH: MAPT (cg11117266),METH,MAPT,cg11117266,0.0003688575312540264,0.04,171
LASSO_multiomics,METH: BLVRA (cg22555539),METH,BLVRA,cg22555539,0.0003249933264502167,0.04,172
LASSO_multiomics,METH: NDC80 (cg13890999),METH,NDC80,cg13890999,0.0002725587984757856,0.04,173
LASSO_multiomics,METH: CEP55 (cg16402873),METH,CEP55,cg16402873,0.00022130098199823014,0.04,174
LASSO_multiomics,METH: UBE2T (cg15387598),METH,UBE2T,cg15387598,0.00015687977095474003,0.04,175
LASSO_multiomics,METH: BAG1 (cg01194468),METH,BAG1,cg01194468,0.00011510939781946357,0.04,176
LASSO_multiomics,METH: PTTG1 (cg21784134),METH,PTTG1,cg21784134,8.42449062958392e-05,0.04,177
LASSO_multiomics,METH: UBE2C (cg23873448),METH,UBE2C,cg23873448,0.0,0.0,178
LASSO_multiomics,METH: UBE2C (cg10263401),METH,UBE2C,cg10263401,0.0,0.0,179
LASSO_multiomics,METH: ORC6 (cg09238957),METH,ORC6,cg09238957,0.0,0.0,180
LASSO_multiomics,METH: ORC6 (cg07368544),METH,ORC6,cg07368544,0.0,0.0,181
LASSO_multiomics,METH: ORC6 (cg05598205),METH,ORC6,cg05598205,0.0,0.0,182
LASSO_multiomics,METH: UBE2C (cg19136718),METH,UBE2C,cg19136718,0.0,0.0,183
LASSO_multiomics,METH: UBE2C (cg13736875),METH,UBE2C,cg13736875,0.0,0.0,184
LASSO_multiomics,METH: CDH3 (cg00748373),METH,CDH3,cg00748373,0.0,0.0,185
LASSO_multiomics,METH: ERBB2 (cg15227682),METH,ERBB2,cg15227682,0.0,0.0,186
LASSO_multiomics,METH: ERBB2 (cg23906291),METH,ERBB2,cg23906291,0.0,0.0,187
LASSO_multiomics,METH: ERBB2 (cg27300230),METH,ERBB2,cg27300230,0.0,0.0,188
LASSO_multiomics,METH: MYBL2 (cg14577472),METH,MYBL2,cg14577472,0.0,0.0,189
LASSO_multiomics,METH: ERBB2 (cg10289325),METH,ERBB2,cg10289325,0.0,0.0,190
LASSO_multiomics,METH: MYBL2 (cg14430582),METH,MYBL2,cg14430582,0.0,0.0,191
LASSO_multiomics,METH: ERBB2 (cg09875273),METH,ERBB2,cg09875273,0.0,0.0,192
LASSO_multiomics,METH: ERBB2 (cg14187895),METH,ERBB2,cg14187895,0.0,0.0,193
LASSO_multiomics,METH: UBE2C (cg03843031),METH,UBE2C,cg03843031,0.0,0.0,194
LASSO_multiomics,METH: UBE2C (cg20034785),METH,UBE2C,cg20034785,0.0,0.0,195
LASSO_multiomics,METH: UBE2C (cg24675094),METH,UBE2C,cg24675094,0.0,0.0,196
LASSO_multiomics,METH: CDH3 (cg17733331),METH,CDH3,cg17733331,0.0,0.0,197
LASSO_multiomics,METH: CDH3 (cg02202600),METH,CDH3,cg02202600,0.0,0.0,198
LASSO_multiomics,METH: CDH3 (cg11843735),METH,CDH3,cg11843735,0.0,0.0,199
LASSO_multiomics,METH: ORC6 (cg03639675),METH,ORC6,cg03639675,0.0,0.0,200
LASSO_multiomics,METH: UBE2C (cg12354270),METH,UBE2C,cg12354270,0.0,0.0,201
LASSO_multiomics,METH: CDH3 (cg04904099),METH,CDH3,cg04904099,0.0,0.0,202
LASSO_multiomics,METH: CDH3 (cg05650674),METH,CDH3,cg05650674,0.0,0.0,203
LASSO_multiomics,METH: CDH3 (cg27417609),METH,CDH3,cg27417609,0.0,0.0,204
LASSO_multiomics,METH: UBE2C (cg23265604),METH,UBE2C,cg23265604,0.0,0.0,205
LASSO_multiomics,METH: BCL2 (cg14604802),METH,BCL2,cg14604802,0.0,0.0,206
LASSO_multiomics,METH: ORC6 (cg25325612),METH,ORC6,cg25325612,0.0,0.0,207
LASSO_multiomics,METH: MDM2 (cg24549639),METH,MDM2,cg24549639,0.0,0.0,208
LASSO_multiomics,METH: MDM2 (cg11603030),METH,MDM2,cg11603030,0.0,0.0,209
LASSO_multiomics,METH: MDM2 (cg04667586),METH,MDM2,cg04667586,0.0,0.0,210
LASSO_multiomics,METH: MDM2 (cg01098785),METH,MDM2,cg01098785,0.0,0.0,211
LASSO_multiomics,METH: MDM2 (cg12504957),METH,MDM2,cg12504957,0.0,0.0,212
LASSO_multiomics,METH: MDM2 (cg19722181),METH,MDM2,cg19722181,0.0,0.0,213
LASSO_multiomics,METH: MDM2 (cg05953180),METH,MDM2,cg05953180,0.0,0.0,214
LASSO_multiomics,METH: MDM2 (cg04732910),METH,MDM2,cg04732910,0.0,0.0,215
LASSO_multiomics,METH: UBE2C (cg03969725),METH,UBE2C,cg03969725,0.0,0.0,216
LASSO_multiomics,METH: MMP11 (cg23850277),METH,MMP11,cg23850277,0.0,0.0,217
LASSO_multiomics,METH: UBE2C (cg19222480),METH,UBE2C,cg19222480,0.0,0.0,218
LASSO_multiomics,METH: MMP11 (cg14420645),METH,MMP11,cg14420645,0.0,0.0,219
LASSO_multiomics,METH: KRT5 (cg17565113),METH,KRT5,cg17565113,0.0,0.0,220
LASSO_multiomics,METH: KRT5 (cg23645091),METH,KRT5,cg23645091,0.0,0.0,221
LASSO_multiomics,METH: KRT5 (cg16353632),METH,KRT5,cg16353632,0.0,0.0,222
LASSO_multiomics,METH: KRT5 (cg16167877),METH,KRT5,cg16167877,0.0,0.0,223
LASSO_multiomics,METH: KRT5 (cg04254916),METH,KRT5,cg04254916,0.0,0.0,224
LASSO_multiomics,METH: KRT5 (cg25149125),METH,KRT5,cg25149125,0.0,0.0,225
LASSO_multiomics,METH: KRT5 (cg06353098),METH,KRT5,cg06353098,0.0,0.0,226
LASSO_multiomics,METH: UBE2C (cg22082347),METH,UBE2C,cg22082347,0.0,0.0,227
LASSO_multiomics,METH: MDM2 (cg24703804),METH,MDM2,cg24703804,0.0,0.0,228
LASSO_multiomics,METH: MDM2 (cg09781971),METH,MDM2,cg09781971,0.0,0.0,229
LASSO_multiomics,METH: UBE2C (cg19197419),METH,UBE2C,cg19197419,0.0,0.0,230
LASSO_multiomics,METH: UBE2C (cg13853156),METH,UBE2C,cg13853156,0.0,0.0,231
LASSO_multiomics,METH: ORC6 (cg10244268),METH,ORC6,cg10244268,0.0,0.0,232
LASSO_multiomics,METH: ORC6 (cg13448401),METH,ORC6,cg13448401,0.0,0.0,233
LASSO_multiomics,METH: ORC6 (cg00190596),METH,ORC6,cg00190596,0.0,0.0,234
LASSO_multiomics,METH: ORC6 (cg04404789),METH,ORC6,cg04404789,0.0,0.0,235
LASSO_multiomics,METH: FOXA1 (cg23664186),METH,FOXA1,cg23664186,0.0,0.0,236
LASSO_multiomics,METH: FOXA1 (cg01662117),METH,FOXA1,cg01662117,0.0,0.0,237
LASSO_multiomics,METH: FOXA1 (cg03015370),METH,FOXA1,cg03015370,0.0,0.0,238
LASSO_multiomics,METH: FOXA1 (cg16581536),METH,FOXA1,cg16581536,0.0,0.0,239
LASSO_multiomics,METH: FOXA1 (cg01892516),METH,FOXA1,cg01892516,0.0,0.0,240
LASSO_multiomics,METH: ERBB2 (cg10394385),METH,ERBB2,cg10394385,0.0,0.0,241
LASSO_multiomics,METH: FOXA1 (cg23032032),METH,FOXA1,cg23032032,0.0,0.0,242
LASSO_multiomics,METH: FOXA1 (cg10323697),METH,FOXA1,cg10323697,0.0,0.0,243
LASSO_multiomics,METH: FOXA1 (cg03026462),METH,FOXA1,cg03026462,0.0,0.0,244
LASSO_multiomics,METH: UBE2C (cg18038749),METH,UBE2C,cg18038749,0.0,0.0,245
LASSO_multiomics,METH: FOXA1 (cg11260422),METH,FOXA1,cg11260422,0.0,0.0,246
LASSO_multiomics,METH: MDM2 (cg01202278),METH,MDM2,cg01202278,0.0,0.0,247
LASSO_multiomics,METH: MYBL2 (cg08290421),METH,MYBL2,cg08290421,0.0,0.0,248
LASSO_multiomics,METH: GRB7 (cg08284496),METH,GRB7,cg08284496,0.0,0.0,249
LASSO_multiomics,METH: ERBB2 (cg22632017),METH,ERBB2,cg22632017,0.0,0.0,250
LASSO_multiomics,METH: NDC80 (cg00277996),METH,NDC80,cg00277996,0.0,0.0,251
LASSO_multiomics,METH: NDC80 (cg17322050),METH,NDC80,cg17322050,0.0,0.0,252
LASSO_multiomics,METH: BCL2 (cg16003390),METH,BCL2,cg16003390,0.0,0.0,253
LASSO_multiomics,METH: NDC80 (cg14313868),METH,NDC80,cg14313868,0.0,0.0,254
LASSO_multiomics,METH: NDC80 (cg07333223),METH,NDC80,cg07333223,0.0,0.0,255
LASSO_multiomics,METH: BCL2 (cg20777956),METH,BCL2,cg20777956,0.0,0.0,256
LASSO_multiomics,METH: BCL2 (cg22152050),METH,BCL2,cg22152050,0.0,0.0,257
LASSO_multiomics,METH: BCL2 (cg12953669),METH,BCL2,cg12953669,0.0,0.0,258
LASSO_multiomics,METH: NDC80 (cg05407825),METH,NDC80,cg05407825,0.0,0.0,259
LASSO_multiomics,METH: BCL2 (cg05724997),METH,BCL2,cg05724997,0.0,0.0,260
LASSO_multiomics,METH: NDC80 (cg26661543),METH,NDC80,cg26661543,0.0,0.0,261
LASSO_multiomics,METH: BCL2 (cg23707289),METH,BCL2,cg23707289,0.0,0.0,262
LASSO_multiomics,METH: ERBB2 (cg12222323),METH,ERBB2,cg12222323,0.0,0.0,263
LASSO_multiomics,METH: TYMS (cg18419020),METH,TYMS,cg18419020,0.0,0.0,264
LASSO_multiomics,METH: TYMS (cg00881254),METH,TYMS,cg00881254,0.0,0.0,265
LASSO_multiomics,METH: TYMS (cg26188124),METH,TYMS,cg26188124,0.0,0.0,266
LASSO_multiomics,METH: TYMS (cg06261370),METH,TYMS,cg06261370,0.0,0.0,267
LASSO_multiomics,METH: PGR (cg00173799),METH,PGR,cg00173799,0.0,0.0,268
LASSO_multiomics,METH: CCNE1 (cg11613243),METH,CCNE1,cg11613243,0.0,0.0,269
LASSO_multiomics,METH: CCNE1 (cg26605086),METH,CCNE1,cg26605086,0.0,0.0,270
LASSO_multiomics,METH: BIRC5 (cg26267341),METH,BIRC5,cg26267341,0.0,0.0,271
LASSO_multiomics,METH: CCNE1 (cg11995300),METH,CCNE1,cg11995300,0.0,0.0,272
LASSO_multiomics,METH: BIRC5 (cg21070864),METH,BIRC5,cg21070864,0.0,0.0,273
LASSO_multiomics,METH: NDC80 (cg16168723),METH,NDC80,cg16168723,0.0,0.0,274
LASSO_multiomics,METH: NDC80 (cg18418962),METH,NDC80,cg18418962,0.0,0.0,275
LASSO_multiomics,METH: SLC39A6 (cg11951604),METH,SLC39A6,cg11951604,0.0,0.0,276
LASSO_multiomics,METH: BCL2 (cg06881186),METH,BCL2,cg06881186,0.0,0.0,277
LASSO_multiomics,METH: BCL2 (cg05877143),METH,BCL2,cg05877143,0.0,0.0,278
LASSO_multiomics,METH: BCL2 (cg18423859),METH,BCL2,cg18423859,0.0,0.0,279
LASSO_multiomics,METH: BCL2 (cg03813215),METH,BCL2,cg03813215,0.0,0.0,280
LASSO_multiomics,METH: BCL2 (cg16445842),METH,BCL2,cg16445842,0.0,0.0,281
LASSO_multiomics,METH: BCL2 (cg17173732),METH,BCL2,cg17173732,0.0,0.0,282
LASSO_multiomics,METH: BCL2 (cg08554462),METH,BCL2,cg08554462,0.0,0.0,283
LASSO_multiomics,METH: BCL2 (cg21777986),METH,BCL2,cg21777986,0.0,0.0,284
LASSO_multiomics,METH: BCL2 (cg27388618),METH,BCL2,cg27388618,0.0,0.0,285
LASSO_multiomics,METH: SLC39A6 (cg27332026),METH,SLC39A6,cg27332026,0.0,0.0,286
LASSO_multiomics,METH: SLC39A6 (cg03278924),METH,SLC39A6,cg03278924,0.0,0.0,287
LASSO_multiomics,METH: SLC39A6 (cg24525646),METH,SLC39A6,cg24525646,0.0,0.0,288
LASSO_multiomics,METH: SLC39A6 (cg12954646),METH,SLC39A6,cg12954646,0.0,0.0,289
LASSO_multiomics,METH: BCL2 (cg23699933),METH,BCL2,cg23699933,0.0,0.0,290
LASSO_multiomics,METH: SLC39A6 (cg21840888),METH,SLC39A6,cg21840888,0.0,0.0,291
LASSO_multiomics,METH: BCL2 (cg27347932),METH,BCL2,cg27347932,0.0,0.0,292
LASSO_multiomics,METH: SLC39A6 (cg00164542),METH,SLC39A6,cg00164542,0.0,0.0,293
LASSO_multiomics,METH: SLC39A6 (cg07000989),METH,SLC39A6,cg07000989,0.0,0.0,294
LASSO_multiomics,METH: SLC39A6 (cg20489749),METH,SLC39A6,cg20489749,0.0,0.0,295
LASSO_multiomics,METH: SLC39A6 (cg02122913),METH,SLC39A6,cg02122913,0.0,0.0,296
LASSO_multiomics,METH: BCL2 (cg25730573),METH,BCL2,cg25730573,0.0,0.0,297
LASSO_multiomics,METH: BCL2 (cg14455307),METH,BCL2,cg14455307,0.0,0.0,298
LASSO_multiomics,METH: CCNE1 (cg14750501),METH,CCNE1,cg14750501,0.0,0.0,299
LASSO_multiomics,METH: BIRC5 (cg23302638),METH,BIRC5,cg23302638,0.0,0.0,300
LASSO_multiomics,METH: CCNE1 (cg07718463),METH,CCNE1,cg07718463,0.0,0.0,301
LASSO_multiomics,METH: GRB7 (cg24967701),METH,GRB7,cg24967701,0.0,0.0,302
LASSO_multiomics,METH: MIA (cg19023552),METH,MIA,cg19023552,0.0,0.0,303
LASSO_multiomics,METH: BCL2 (cg05945943),METH,BCL2,cg05945943,0.0,0.0,304
LASSO_multiomics,METH: GRB7 (cg14263391),METH,GRB7,cg14263391,0.0,0.0,305
LASSO_multiomics,METH: GRB7 (cg03684977),METH,GRB7,cg03684977,0.0,0.0,306
LASSO_multiomics,METH: GRB7 (cg17355719),METH,GRB7,cg17355719,0.0,0.0,307
LASSO_multiomics,METH: GRB7 (cg07967228),METH,GRB7,cg07967228,0.0,0.0,308
LASSO_multiomics,METH: GRB7 (cg01692252),METH,GRB7,cg01692252,0.0,0.0,309
LASSO_multiomics,METH: ERBB2 (cg11993754),METH,ERBB2,cg11993754,0.0,0.0,310
LASSO_multiomics,METH: MYBL2 (cg23843505),METH,MYBL2,cg23843505,0.0,0.0,311
LASSO_multiomics,METH: MYBL2 (cg16487280),METH,MYBL2,cg16487280,0.0,0.0,312
LASSO_multiomics,METH: ERBB2 (cg23613219),METH,ERBB2,cg23613219,0.0,0.0,313
LASSO_multiomics,METH: ERBB2 (cg26111030),METH,ERBB2,cg26111030,0.0,0.0,314
LASSO_multiomics,METH: ERBB2 (cg02433278),METH,ERBB2,cg02433278,0.0,0.0,315
LASSO_multiomics,METH: ERBB2 (cg23333072),METH,ERBB2,cg23333072,0.0,0.0,316
LASSO_multiomics,METH: ERBB2 (cg23731030),METH,ERBB2,cg23731030,0.0,0.0,317
LASSO_multiomics,METH: ERBB2 (cg22778981),METH,ERBB2,cg22778981,0.0,0.0,318
LASSO_multiomics,METH: ERBB2 (cg12413918),METH,ERBB2,cg12413918,0.0,0.0,319
LASSO_multiomics,METH: ERBB2 (cg10713339),METH,ERBB2,cg10713339,0.0,0.0,320
LASSO_multiomics,METH: ERBB2 (cg02330892),METH,ERBB2,cg02330892,0.0,0.0,321
LASSO_multiomics,METH: ERBB2 (cg25582403),METH,ERBB2,cg25582403,0.0,0.0,322
LASSO_multiomics,METH: ERBB2 (cg27052442),METH,ERBB2,cg27052442,0.0,0.0,323
LASSO_multiomics,METH: MIA (cg25152942),METH,MIA,cg25152942,0.0,0.0,324
LASSO_multiomics,METH: GRB7 (cg23836594),METH,GRB7,cg23836594,0.0,0.0,325
LASSO_multiomics,METH: BIRC5 (cg24247425),METH,BIRC5,cg24247425,0.0,0.0,326
LASSO_multiomics,METH: GRB7 (cg11183072),METH,GRB7,cg11183072,0.0,0.0,327
LASSO_multiomics,METH: CCNE1 (cg06636316),METH,CCNE1,cg06636316,0.0,0.0,328
LASSO_multiomics,METH: MAPT (cg21327887),METH,MAPT,cg21327887,0.0,0.0,329
LASSO_multiomics,METH: MAPT (cg20099416),METH,MAPT,cg20099416,0.0,0.0,330
LASSO_multiomics,METH: MAPT (cg23202277),METH,MAPT,cg23202277,0.0,0.0,331
LASSO_multiomics,METH: CCNE1 (cg03603808),METH,CCNE1,cg03603808,0.0,0.0,332
LASSO_multiomics,METH: MAPT (cg16520312),METH,MAPT,cg16520312,0.0,0.0,333
LASSO_multiomics,METH: MAPT (cg05301556),METH,MAPT,cg05301556,0.0,0.0,334
LASSO_multiomics,METH: CDC6 (cg20725670),METH,CDC6,cg20725670,0.0,0.0,335
LASSO_multiomics,METH: CDC6 (cg25202618),METH,CDC6,cg25202618,0.0,0.0,336
LASSO_multiomics,METH: CDC6 (cg25042948),METH,CDC6,cg25042948,0.0,0.0,337
LASSO_multiomics,METH: CDC6 (cg05981907),METH,CDC6,cg05981907,0.0,0.0,338
LASSO_multiomics,METH: CCNE1 (cg27475126),METH,CCNE1,cg27475126,0.0,0.0,339
LASSO_multiomics,METH: CDC6 (cg05642551),METH,CDC6,cg05642551,0.0,0.0,340
LASSO_multiomics,METH: CDC6 (cg07447902),METH,CDC6,cg07447902,0.0,0.0,341
LASSO_multiomics,METH: CCNE1 (cg16836589),METH,CCNE1,cg16836589,0.0,0.0,342
LASSO_multiomics,METH: CDC6 (cg04173528),METH,CDC6,cg04173528,0.0,0.0,343
LASSO_multiomics,METH: CDC6 (cg06557887),METH,CDC6,cg06557887,0.0,0.0,344
LASSO_multiomics,METH: CDC6 (cg19291926),METH,CDC6,cg19291926,0.0,0.0,345
LASSO_multiomics,METH: GRB7 (cg08500763),METH,GRB7,cg08500763,0.0,0.0,346
LASSO_multiomics,METH: GRB7 (cg17740645),METH,GRB7,cg17740645,0.0,0.0,347
LASSO_multiomics,METH: GRB7 (cg13761998),METH,GRB7,cg13761998,0.0,0.0,348
LASSO_multiomics,METH: TYMS (cg00134212),METH,TYMS,cg00134212,0.0,0.0,349
LASSO_multiomics,RNA: ANLN,RNA,ANLN,,0.0,0.0,350
LASSO_multiomics,METH: PGR (cg16688583),METH,PGR,cg16688583,0.0,0.0,351
LASSO_multiomics,METH: CENPF (cg21164723),METH,CENPF,cg21164723,0.0,0.0,352
LASSO_multiomics,METH: GPR160 (cg00424800),METH,GPR160,cg00424800,0.0,0.0,353
LASSO_multiomics,METH: GPR160 (cg04747517),METH,GPR160,cg04747517,0.0,0.0,354
LASSO_multiomics,METH: GPR160 (cg21919556),METH,GPR160,cg21919556,0.0,0.0,355
LASSO_multiomics,METH: GPR160 (cg25742394),METH,GPR160,cg25742394,0.0,0.0,356
LASSO_multiomics,METH: MLPH (cg11692852),METH,MLPH,cg11692852,0.0,0.0,357
LASSO_multiomics,METH: MLPH (cg24603464),METH,MLPH,cg24603464,0.0,0.0,358
LASSO_multiomics,METH: MLPH (cg03076319),METH,MLPH,cg03076319,0.0,0.0,359
LASSO_multiomics,METH: MLPH (cg17187163),METH,MLPH,cg17187163,0.0,0.0,360
LASSO_multiomics,METH: MLPH (cg14070755),METH,MLPH,cg14070755,0.0,0.0,361
LASSO_multiomics,METH: RRM2 (cg15345369),METH,RRM2,cg15345369,0.0,0.0,362
LASSO_multiomics,METH: RRM2 (cg17779456),METH,RRM2,cg17779456,0.0,0.0,363
LASSO_multiomics,METH: RRM2 (cg07545636),METH,RRM2,cg07545636,0.0,0.0,364
LASSO_multiomics,METH: RRM2 (cg04817183),METH,RRM2,cg04817183,0.0,0.0,365
LASSO_multiomics,METH: RRM2 (cg26095266),METH,RRM2,cg26095266,0.0,0.0,366
LASSO_multiomics,METH: RRM2 (cg18639038),METH,RRM2,cg18639038,0.0,0.0,367
LASSO_multiomics,METH: EXO1 (cg16121177),METH,EXO1,cg16121177,0.0,0.0,368
LASSO_multiomics,METH: EXO1 (cg24741598),METH,EXO1,cg24741598,0.0,0.0,369
LASSO_multiomics,METH: EXO1 (cg20629097),METH,EXO1,cg20629097,0.0,0.0,370
LASSO_multiomics,METH: EXO1 (cg21919602),METH,EXO1,cg21919602,0.0,0.0,371
LASSO_multiomics,METH: EXO1 (cg00309178),METH,EXO1,cg00309178,0.0,0.0,372
LASSO_multiomics,METH: EXO1 (cg17736920),METH,EXO1,cg17736920,0.0,0.0,373
LASSO_multiomics,METH: EXO1 (cg07639959),METH,EXO1,cg07639959,0.0,0.0,374
LASSO_multiomics,METH: EXO1 (cg03292648),METH,EXO1,cg03292648,0.0,0.0,375
LASSO_multiomics,METH: CENPF (cg24711708),METH,CENPF,cg24711708,0.0,0.0,376
LASSO_multiomics,METH: CENPF (cg09885951),METH,CENPF,cg09885951,0.0,0.0,377
LASSO_multiomics,METH: GPR160 (cg17537403),METH,GPR160,cg17537403,0.0,0.0,378
LASSO_multiomics,METH: CCNB1 (cg06979550),METH,CCNB1,cg06979550,0.0,0.0,379
LASSO_multiomics,METH: CCNB1 (cg20440575),METH,CCNB1,cg20440575,0.0,0.0,380
LASSO_multiomics,METH: FGFR4 (cg23197992),METH,FGFR4,cg23197992,0.0,0.0,381
LASSO_multiomics,METH: ESR1 (cg06611115),METH,ESR1,cg06611115,0.0,0.0,382
LASSO_multiomics,METH: ESR1 (cg25338972),METH,ESR1,cg25338972,0.0,0.0,383
LASSO_multiomics,METH: ESR1 (cg19449067),METH,ESR1,cg19449067,0.0,0.0,384
LASSO_multiomics,METH: FOXC1 (cg23850750),METH,FOXC1,cg23850750,0.0,0.0,385
LASSO_multiomics,METH: FOXC1 (cg01912921),METH,FOXC1,cg01912921,0.0,0.0,386
LASSO_multiomics,METH: FOXC1 (cg20491838),METH,FOXC1,cg20491838,0.0,0.0,387
LASSO_multiomics,METH: FOXC1 (cg04504095),METH,FOXC1,cg04504095,0.0,0.0,388
LASSO_multiomics,METH: FOXC1 (cg11815762),METH,FOXC1,cg11815762,0.0,0.0,389
LASSO_multiomics,METH: FOXC1 (cg04780909),METH,FOXC1,cg04780909,0.0,0.0,390
LASSO_multiomics,METH: FOXC1 (cg23572376),METH,FOXC1,cg23572376,0.0,0.0,391
LASSO_multiomics,METH: FOXC1 (cg20020464),METH,FOXC1,cg20020464,0.0,0.0,392
LASSO_multiomics,METH: FGFR4 (cg11408622),METH,FGFR4,cg11408622,0.0,0.0,393
LASSO_multiomics,METH: CCNB1 (cg09999250),METH,CCNB1,cg09999250,0.0,0.0,394
LASSO_multiomics,METH: FGFR4 (cg17919667),METH,FGFR4,cg17919667,0.0,0.0,395
LASSO_multiomics,METH: FGFR4 (cg17475304),METH,FGFR4,cg17475304,0.0,0.0,396
LASSO_multiomics,METH: PTTG1 (cg27185377),METH,PTTG1,cg27185377,0.0,0.0,397
LASSO_multiomics,METH: PTTG1 (cg00116688),METH,PTTG1,cg00116688,0.0,0.0,398
LASSO_multiomics,METH: CXXC5 (cg14810343),METH,CXXC5,cg14810343,0.0,0.0,399
LASSO_multiomics,METH: CXXC5 (cg26619047),METH,CXXC5,cg26619047,0.0,0.0,400
LASSO_multiomics,METH: CXXC5 (cg22019649),METH,CXXC5,cg22019649,0.0,0.0,401
LASSO_multiomics,METH: CXXC5 (cg02084046),METH,CXXC5,cg02084046,0.0,0.0,402
LASSO_multiomics,METH: CXXC5 (cg01408486),METH,CXXC5,cg01408486,0.0,0.0,403
LASSO_multiomics,METH: CCNB1 (cg23935746),METH,CCNB1,cg23935746,0.0,0.0,404
LASSO_multiomics,METH: CCNB1 (cg10556830),METH,CCNB1,cg10556830,0.0,0.0,405
LASSO_multiomics,METH: CENPF (cg16327647),METH,CENPF,cg16327647,0.0,0.0,406
LASSO_multiomics,METH: CENPF (cg09065776),METH,CENPF,cg09065776,0.0,0.0,407
LASSO_multiomics,METH: ESR1 (cg07584093),METH,ESR1,cg07584093,0.0,0.0,408
LASSO_multiomics,METH: UBE2T (cg15173196),METH,UBE2T,cg15173196,0.0,0.0,409
LASSO_multiomics,RNA: RRM2,RNA,RRM2,,0.0,0.0,410
LASSO_multiomics,RNA: CXXC5,RNA,CXXC5,,0.0,0.0,411
LASSO_multiomics,RNA: NAT1,RNA,NAT1,,0.0,0.0,412
LASSO_multiomics,RNA: PTTG1,RNA,PTTG1,,0.0,0.0,413
LASSO_multiomics,RNA: FGFR4,RNA,FGFR4,,0.0,0.0,414
LASSO_multiomics,RNA: MKI67,RNA,MKI67,,0.0,0.0,415
LASSO_multiomics,RNA: EGFR,RNA,EGFR,,0.0,0.0,416
LASSO_multiomics,RNA: KIF2C,RNA,KIF2C,,0.0,0.0,417
LASSO_multiomics,RNA: GRB7,RNA,GRB7,,0.0,0.0,418
LASSO_multiomics,RNA: SLC39A6,RNA,SLC39A6,,0.0,0.0,419
LASSO_multiomics,RNA: CEP55,RNA,CEP55,,0.0,0.0,420
LASSO_multiomics,RNA: MDM2,RNA,MDM2,,0.0,0.0,421
LASSO_multiomics,RNA: CCNB1,RNA,CCNB1,,0.0,0.0,422
LASSO_multiomics,RNA: CENPF,RNA,CENPF,,0.0,0.0,423
LASSO_multiomics,RNA: CCNE1,RNA,CCNE1,,0.0,0.0,424
LASSO_multiomics,RNA: SFRP1,RNA,SFRP1,,0.0,0.0,425
LASSO_multiomics,RNA: MYBL2,RNA,MYBL2,,0.0,0.0,426
LASSO_multiomics,RNA: PHGDH,RNA,PHGDH,,0.0,0.0,427
LASSO_multiomics,RNA: ESR1,RNA,ESR1,,0.0,0.0,428
LASSO_multiomics,RNA: ORC6,RNA,ORC6,,0.0,0.0,429
LASSO_multiomics,RNA: BIRC5,RNA,BIRC5,,0.0,0.0,430
LASSO_multiomics,RNA: PGR,RNA,PGR,,0.0,0.0,431
LASSO_multiomics,RNA: NDC80,RNA,NDC80,,0.0,0.0,432
LASSO_multiomics,RNA: UBE2T,RNA,UBE2T,,0.0,0.0,433
LASSO_multiomics,RNA: CDH3,RNA,CDH3,,0.0,0.0,434
LASSO_multiomics,RNA: EXO1,RNA,EXO1,,0.0,0.0,435
LASSO_multiomics,RNA: UBE2C,RNA,UBE2C,,0.0,0.0,436
LASSO_multiomics,RNA: TYMS,RNA,TYMS,,0.0,0.0,437
LASSO_multiomics,METH: KIF2C (cg03331258),METH,KIF2C,cg03331258,0.0,0.0,438
LASSO_multiomics,METH: UBE2T (cg13395333),METH,UBE2T,cg13395333,0.0,0.0,439
LASSO_multiomics,METH: NUF2 (cg04298819),METH,NUF2,cg04298819,0.0,0.0,440
LASSO_multiomics,METH: NUF2 (cg15778350),METH,NUF2,cg15778350,0.0,0.0,441
LASSO_multiomics,METH: NUF2 (cg17428694),METH,NUF2,cg17428694,0.0,0.0,442
LASSO_multiomics,METH: NUF2 (cg01964683),METH,NUF2,cg01964683,0.0,0.0,443
LASSO_multiomics,METH: NUF2 (cg26029744),METH,NUF2,cg26029744,0.0,0.0,444
LASSO_multiomics,METH: NUF2 (cg11823214),METH,NUF2,cg11823214,0.0,0.0,445
LASSO_multiomics,METH: NUF2 (cg21934237),METH,NUF2,cg21934237,0.0,0.0,446
LASSO_multiomics,METH: PHGDH (cg26791905),METH,PHGDH,cg26791905,0.0,0.0,447
LASSO_multiomics,METH: PHGDH (cg26612362),METH,PHGDH,cg26612362,0.0,0.0,448
LASSO_multiomics,METH: PHGDH (cg05958127),METH,PHGDH,cg05958127,0.0,0.0,449
LASSO_multiomics,METH: KIF2C (cg00251536),METH,KIF2C,cg00251536,0.0,0.0,450
LASSO_multiomics,RNA: KRT14,RNA,KRT14,,0.0,0.0,451
LASSO_multiomics,METH: KIF2C (cg00148881),METH,KIF2C,cg00148881,0.0,0.0,452
LASSO_multiomics,METH: KIF2C (cg12276329),METH,KIF2C,cg12276329,0.0,0.0,453
LASSO_multiomics,METH: KIF2C (cg02890457),METH,KIF2C,cg02890457,0.0,0.0,454
LASSO_multiomics,METH: KIF2C (cg12269116),METH,KIF2C,cg12269116,0.0,0.0,455
LASSO_multiomics,METH: KIF2C (cg03907454),METH,KIF2C,cg03907454,0.0,0.0,456
LASSO_multiomics,METH: CDC20 (cg26607641),METH,CDC20,cg26607641,0.0,0.0,457
LASSO_multiomics,METH: CDC20 (cg23995744),METH,CDC20,cg23995744,0.0,0.0,458
LASSO_multiomics,METH: CDC20 (cg08263040),METH,CDC20,cg08263040,0.0,0.0,459
LASSO_multiomics,METH: CDC20 (cg25844639),METH,CDC20,cg25844639,0.0,0.0,460
LASSO_multiomics,METH: CDC20 (cg01651593),METH,CDC20,cg01651593,0.0,0.0,461
LASSO_multiomics,RNA: MIA,RNA,MIA,,0.0,0.0,462
LASSO_multiomics,METH: ESR1 (cg08907436),METH,ESR1,cg08907436,0.0,0.0,463
LASSO_multiomics,METH: ESR1 (cg10441070),METH,ESR1,cg10441070,0.0,0.0,464
LASSO_multiomics,METH: PGR (cg13686012),METH,PGR,cg13686012,0.0,0.0,465
LASSO_multiomics,METH: SFRP1 (cg21517947),METH,SFRP1,cg21517947,0.0,0.0,466
LASSO_multiomics,METH: MYC (cg27207274),METH,MYC,cg27207274,0.0,0.0,467
LASSO_multiomics,METH: MYC (cg24666276),METH,MYC,cg24666276,0.0,0.0,468
LASSO_multiomics,METH: MYC (cg25080152),METH,MYC,cg25080152,0.0,0.0,469
LASSO_multiomics,METH: MYC (cg08428512),METH,MYC,cg08428512,0.0,0.0,470
LASSO_multiomics,METH: MYC (cg07871324),METH,MYC,cg07871324,0.0,0.0,471
LASSO_multiomics,METH: MYC (cg10302505),METH,MYC,cg10302505,0.0,0.0,472
LASSO_multiomics,METH: MYC (cg21803052),METH,MYC,cg21803052,0.0,0.0,473
LASSO_multiomics,METH: MYC (cg05927173),METH,MYC,cg05927173,0.0,0.0,474
LASSO_multiomics,METH: MYC (cg12057615),METH,MYC,cg12057615,0.0,0.0,475
LASSO_multiomics,METH: MYC (cg19972619),METH,MYC,cg19972619,0.0,0.0,476
LASSO_multiomics,METH: MYC (cg03003858),METH,MYC,cg03003858,0.0,0.0,477
LASSO_multiomics,RNA: FOXC1,RNA,FOXC1,,0.0,0.0,478
LASSO_multiomics,METH: MYC (cg17299732),METH,MYC,cg17299732,0.0,0.0,479
LASSO_multiomics,METH: MYC (cg03394237),METH,MYC,cg03394237,0.0,0.0,480
LASSO_multiomics,METH: MYC (cg27045396),METH,MYC,cg27045396,0.0,0.0,481
LASSO_multiomics,METH: MYC (cg17160660),METH,MYC,cg17160660,0.0,0.0,482
LASSO_multiomics,METH: SFRP1 (cg07122178),METH,SFRP1,cg07122178,0.0,0.0,483
LASSO_multiomics,METH: SFRP1 (cg23359714),METH,SFRP1,cg23359714,0.0,0.0,484
LASSO_multiomics,METH: SFRP1 (cg00930833),METH,SFRP1,cg00930833,0.0,0.0,485
LASSO_multiomics,METH: SFRP1 (cg03575666),METH,SFRP1,cg03575666,0.0,0.0,486
LASSO_multiomics,METH: SFRP1 (cg01074584),METH,SFRP1,cg01074584,0.0,0.0,487
LASSO_multiomics,METH: SFRP1 (cg14824386),METH,SFRP1,cg14824386,0.0,0.0,488
LASSO_multiomics,METH: SFRP1 (cg06166767),METH,SFRP1,cg06166767,0.0,0.0,489
LASSO_multiomics,METH: SFRP1 (cg00000321),METH,SFRP1,cg00000321,0.0,0.0,490
LASSO_multiomics,METH: SFRP1 (cg04255616),METH,SFRP1,cg04255616,0.0,0.0,491
LASSO_multiomics,METH: MYC (cg03076047),METH,MYC,cg03076047,0.0,0.0,492
LASSO_multiomics,METH: MYC (cg00611675),METH,MYC,cg00611675,0.0,0.0,493
LASSO_multiomics,METH: BAG1 (cg23676114),METH,BAG1,cg23676114,0.0,0.0,494
LASSO_multiomics,METH: CEP55 (cg09145139),METH,CEP55,cg09145139,0.0,0.0,495
LASSO_multiomics,METH: PGR (cg23795893),METH,PGR,cg23795893,0.0,0.0,496
LASSO_multiomics,METH: PGR (cg23641145),METH,PGR,cg23641145,0.0,0.0,497
LASSO_multiomics,METH: PGR (cg14933485),METH,PGR,cg14933485,0.0,0.0,498
LASSO_multiomics,METH: PGR (cg13906669),METH,PGR,cg13906669,0.0,0.0,499
LASSO_multiomics,METH: PGR (cg25915838),METH,PGR,cg25915838,0.0,0.0,500
LASSO_multiomics,METH: PGR (cg26705960),METH,PGR,cg26705960,0.0,0.0,501
LASSO_multiomics,METH: PGR (cg14772925),METH,PGR,cg14772925,0.0,0.0,502
LASSO_multiomics,METH: MKI67 (cg18785410),METH,MKI67,cg18785410,0.0,0.0,503
LASSO_multiomics,METH: MKI67 (cg04074793),METH,MKI67,cg04074793,0.0,0.0,504
LASSO_multiomics,METH: CEP55 (cg14085673),METH,CEP55,cg14085673,0.0,0.0,505
LASSO_multiomics,METH: CEP55 (cg19731367),METH,CEP55,cg19731367,0.0,0.0,506
LASSO_multiomics,METH: CEP55 (cg11808746),METH,CEP55,cg11808746,0.0,0.0,507
LASSO_multiomics,METH: BAG1 (cg14213824),METH,BAG1,cg14213824,0.0,0.0,508
LASSO_multiomics,METH: CEP55 (cg14001558),METH,CEP55,cg14001558,0.0,0.0,509
LASSO_multiomics,METH: CEP55 (cg20589264),METH,CEP55,cg20589264,0.0,0.0,510
LASSO_multiomics,METH: CEP55 (cg14951488),METH,CEP55,cg14951488,0.0,0.0,511
LASSO_multiomics,METH: CEP55 (cg12007257),METH,CEP55,cg12007257,0.0,0.0,512
LASSO_multiomics,METH: CEP55 (cg07321681),METH,CEP55,cg07321681,0.0,0.0,513
LASSO_multiomics,METH: MELK (cg13912011),METH,MELK,cg13912011,0.0,0.0,514
LASSO_multiomics,METH: MELK (cg14339556),METH,MELK,cg14339556,0.0,0.0,515
LASSO_multiomics,METH: MELK (cg14552260),METH,MELK,cg14552260,0.0,0.0,516
LASSO_multiomics,METH: MELK (cg01288067),METH,MELK,cg01288067,0.0,0.0,517
LASSO_multiomics,METH: MELK (cg14279528),METH,MELK,cg14279528,0.0,0.0,518
LASSO_multiomics,METH: BAG1 (cg21614231),METH,BAG1,cg21614231,0.0,0.0,519
LASSO_multiomics,METH: SFRP1 (cg10406295),METH,SFRP1,cg10406295,0.0,0.0,520
LASSO_multiomics,METH: SFRP1 (cg24319902),METH,SFRP1,cg24319902,0.0,0.0,521
LASSO_multiomics,METH: ESR1 (cg01321962),METH,ESR1,cg01321962,0.0,0.0,522
LASSO_multiomics,METH: SFRP1 (cg22418909),METH,SFRP1,cg22418909,0.0,0.0,523
LASSO_multiomics,METH: ESR1 (cg11251858),METH,ESR1,cg11251858,0.0,0.0,524
LASSO_multiomics,METH: ESR1 (cg15980539),METH,ESR1,cg15980539,0.0,0.0,525
LASSO_multiomics,METH: ESR1 (cg00655307),METH,ESR1,cg00655307,0.0,0.0,526
LASSO_multiomics,METH: ESR1 (cg27316393),METH,ESR1,cg27316393,0.0,0.0,527
LASSO_multiomics,METH: ESR1 (cg13612689),METH,ESR1,cg13612689,0.0,0.0,528
LASSO_multiomics,METH: ESR1 (cg23009221),METH,ESR1,cg23009221,0.0,0.0,529
LASSO_multiomics,METH: ESR1 (cg22839866),METH,ESR1,cg22839866,0.0,0.0,530
LASSO_multiomics,METH: ESR1 (cg05171584),METH,ESR1,cg05171584,0.0,0.0,531
LASSO_multiomics,METH: ESR1 (cg24900983),METH,ESR1,cg24900983,0.0,0.0,532
LASSO_multiomics,METH: ESR1 (cg11813455),METH,ESR1,cg11813455,0.0,0.0,533
LASSO_multiomics,METH: ESR1 (cg21950534),METH,ESR1,cg21950534,0.0,0.0,534
LASSO_multiomics,METH: ESR1 (cg19411146),METH,ESR1,cg19411146,0.0,0.0,535
LASSO_multiomics,METH: ESR1 (cg21614759),METH,ESR1,cg21614759,0.0,0.0,536
LASSO_multiomics,METH: ESR1 (cg23165623),METH,ESR1,cg23165623,0.0,0.0,537
LASSO_multiomics,METH: ESR1 (cg23164938),METH,ESR1,cg23164938,0.0,0.0,538
LASSO_multiomics,METH: ESR1 (cg07671949),METH,ESR1,cg07671949,0.0,0.0,539
LASSO_multiomics,METH: ESR1 (cg20627916),METH,ESR1,cg20627916,0.0,0.0,540
LASSO_multiomics,METH: ESR1 (cg21608605),METH,ESR1,cg21608605,0.0,0.0,541
LASSO_multiomics,METH: ESR1 (cg01715172),METH,ESR1,cg01715172,0.0,0.0,542
LASSO_multiomics,METH: ESR1 (cg08884395),METH,ESR1,cg08884395,0.0,0.0,543
LASSO_multiomics,METH: ESR1 (cg26089753),METH,ESR1,cg26089753,0.0,0.0,544
LASSO_multiomics,METH: ESR1 (cg15543523),METH,ESR1,cg15543523,0.0,0.0,545
LASSO_multiomics,METH: ESR1 (cg17264271),METH,ESR1,cg17264271,0.0,0.0,546
LASSO_multiomics,METH: ESR1 (cg24764793),METH,ESR1,cg24764793,0.0,0.0,547
LASSO_multiomics,METH: ESR1 (cg20893956),METH,ESR1,cg20893956,0.0,0.0,548
LASSO_multiomics,METH: ANLN (cg09378441),METH,ANLN,cg09378441,0.0,0.0,549
LASSO_multiomics,METH: ANLN (cg09139144),METH,ANLN,cg09139144,0.0,0.0,550
LASSO_multiomics,METH: ANLN (cg03187894),METH,ANLN,cg03187894,0.0,0.0,551
LASSO_multiomics,METH: ACTR3B (cg01747547),METH,ACTR3B,cg01747547,0.0,0.0,552
LASSO_multiomics,METH: SFRP1 (cg13398291),METH,SFRP1,cg13398291,0.0,0.0,553
LASSO_multiomics,METH: NAT1 (cg18509990),METH,NAT1,cg18509990,0.0,0.0,554
LASSO_multiomics,METH: NAT1 (cg22904102),METH,NAT1,cg22904102,0.0,0.0,555
LASSO_multiomics,METH: NAT1 (cg07470176),METH,NAT1,cg07470176,0.0,0.0,556
LASSO_multiomics,METH: NAT1 (cg15138846),METH,NAT1,cg15138846,0.0,0.0,557
LASSO_multiomics,METH: NAT1 (cg04241863),METH,NAT1,cg04241863,0.0,0.0,558
LASSO_multiomics,METH: NAT1 (cg04149472),METH,NAT1,cg04149472,0.0,0.0,559
LASSO_multiomics,METH: ACTR3B (cg00459289),METH,ACTR3B,cg00459289,0.0,0.0,560
LASSO_multiomics,METH: ACTR3B (cg10896886),METH,ACTR3B,cg10896886,0.0,0.0,561
LASSO_multiomics,METH: ACTR3B (cg09126741),METH,ACTR3B,cg09126741,0.0,0.0,562
LASSO_multiomics,METH: ACTR3B (cg07998951),METH,ACTR3B,cg07998951,0.0,0.0,563
LASSO_multiomics,METH: EGFR (cg14094960),METH,EGFR,cg14094960,0.0,0.0,564
LASSO_multiomics,METH: ANLN (cg16286275),METH,ANLN,cg16286275,0.0,0.0,565
LASSO_multiomics,METH: EGFR (cg05064645),METH,EGFR,cg05064645,0.0,0.0,566
LASSO_multiomics,METH: EGFR (cg03860890),METH,EGFR,cg03860890,0.0,0.0,567
LASSO_multiomics,METH: EGFR (cg07311521),METH,EGFR,cg07311521,0.0,0.0,568
LASSO_multiomics,METH: EGFR (cg22396409),METH,EGFR,cg22396409,0.0,0.0,569
LASSO_multiomics,METH: EGFR (cg16751451),METH,EGFR,cg16751451,0.0,0.0,570
LASSO_multiomics,METH: BLVRA (cg01581867),METH,BLVRA,cg01581867,0.0,0.0,571
LASSO_multiomics,METH: BLVRA (cg01745690),METH,BLVRA,cg01745690,0.0,0.0,572
LASSO_multiomics,METH: BLVRA (cg15997773),METH,BLVRA,cg15997773,0.0,0.0,573
LASSO_multiomics,METH: BLVRA (cg04391064),METH,BLVRA,cg04391064,0.0,0.0,574
LASSO_multiomics,METH: BLVRA (cg14579118),METH,BLVRA,cg14579118,0.0,0.0,575
LASSO_multiomics,METH: ANLN (cg18491230),METH,ANLN,cg18491230,0.0,0.0,576
LASSO_multiomics,METH: MMP11 (cg19934709),METH,MMP11,cg19934709,0.0,0.0,577
